areaname,devname,year,value
Africa,Developing regions,1980,3936
Africa,Developing regions,1981,4347
Africa,Developing regions,1982,3802
Africa,Developing regions,1983,2654
Africa,Developing regions,1984,2611
Africa,Developing regions,1985,2639
Africa,Developing regions,1986,3744
Africa,Developing regions,1987,7428
Africa,Developing regions,1988,7506
Africa,Developing regions,1989,9846
Africa,Developing regions,1990,10896
Africa,Developing regions,1991,14005
Africa,Developing regions,1992,18803
Africa,Developing regions,1993,16127
Africa,Developing regions,1994,12763
Africa,Developing regions,1995,14277
Africa,Developing regions,1996,14904
Africa,Developing regions,1997,13808
Africa,Developing regions,1998,13023
Africa,Developing regions,1999,15059
Africa,Developing regions,2000,19114
Africa,Developing regions,2001,23044
Africa,Developing regions,2002,21607
Africa,Developing regions,2003,22133
Africa,Developing regions,2004,26727
Africa,Developing regions,2005,26002
Africa,Developing regions,2006,27565
Africa,Developing regions,2007,26818
Africa,Developing regions,2008,28493
Africa,Developing regions,2009,32953
Africa,Developing regions,2010,39653
Africa,Developing regions,2011,34217
Africa,Developing regions,2012,36369
Africa,Developing regions,2013,36493
Asia,Developed regions,1980,701
Asia,Developed regions,1981,756
Asia,Developed regions,1982,598
Asia,Developed regions,1983,309
Asia,Developed regions,1984,246
Asia,Developed regions,1985,198
Asia,Developed regions,1986,248
Asia,Developed regions,1987,422
Asia,Developed regions,1988,324
Asia,Developed regions,1989,494
Asia,Developed regions,1990,379
Asia,Developed regions,1991,506
Asia,Developed regions,1992,605
Asia,Developed regions,1993,907
Asia,Developed regions,1994,956
Asia,Developed regions,1995,826
Asia,Developed regions,1996,994
Asia,Developed regions,1997,924
Asia,Developed regions,1998,897
Asia,Developed regions,1999,1083
Asia,Developed regions,2000,1010
Asia,Developed regions,2001,1092
Asia,Developed regions,2002,806
Asia,Developed regions,2003,817
Asia,Developed regions,2004,973
Asia,Developed regions,2005,1067
Asia,Developed regions,2006,1212
Asia,Developed regions,2007,1250
Asia,Developed regions,2008,1284
Asia,Developed regions,2009,1194
Asia,Developed regions,2010,1168
Asia,Developed regions,2011,1265
Asia,Developed regions,2012,1214
Asia,Developed regions,2013,982
Asia,Developing regions,1980,30324
Asia,Developing regions,1981,33558
Asia,Developing regions,1982,29616
Asia,Developing regions,1983,24387
Asia,Developing regions,1984,27028
Asia,Developing regions,1985,23652
Asia,Developing regions,1986,28491
Asia,Developing regions,1987,42781
Asia,Developing regions,1988,47130
Asia,Developing regions,1989,59762
Asia,Developing regions,1990,72450
Asia,Developing regions,1991,89458
Asia,Developing regions,1992,90147
Asia,Developing regions,1993,97830
Asia,Developing regions,1994,87896
Asia,Developing regions,1995,89598
Asia,Developing regions,1996,102036
Asia,Developing regions,1997,105435
Asia,Developing regions,1998,89775
Asia,Developing regions,1999,105361
Asia,Developing regions,2000,133063
Asia,Developing regions,2001,146597
Asia,Developing regions,2002,136389
Asia,Developing regions,2003,130485
Asia,Developing regions,2004,133320
Asia,Developing regions,2005,157436
Asia,Developing regions,2006,147098
Asia,Developing regions,2007,131519
Asia,Developing regions,2008,137701
Asia,Developing regions,2009,139562
Asia,Developing regions,2010,162033
Asia,Developing regions,2011,145025
Asia,Developing regions,2012,150243
Asia,Developing regions,2013,153290
Europe,Developed regions,1980,39760
Europe,Developed regions,1981,44802
Europe,Developed regions,1982,42720
Europe,Developed regions,1983,24638
Europe,Developed regions,1984,22287
Europe,Developed regions,1985,20844
Europe,Developed regions,1986,24370
Europe,Developed regions,1987,46698
Europe,Developed regions,1988,54726
Europe,Developed regions,1989,60893
Europe,Developed regions,1990,68301
Europe,Developed regions,1991,57938
Europe,Developed regions,1992,64123
Europe,Developed regions,1993,62872
Europe,Developed regions,1994,62306
Europe,Developed regions,1995,55571
Europe,Developed regions,1996,55504
Europe,Developed regions,1997,48770
Europe,Developed regions,1998,36613
Europe,Developed regions,1999,35459
Europe,Developed regions,2000,37978
Europe,Developed regions,2001,42488
Europe,Developed regions,2002,36445
Europe,Developed regions,2003,33918
Europe,Developed regions,2004,37639
Europe,Developed regions,2005,35670
Europe,Developed regions,2006,32797
Europe,Developed regions,2007,33284
Europe,Developed regions,2008,34501
Europe,Developed regions,2009,34880
Europe,Developed regions,2010,33237
Europe,Developed regions,2011,26648
Europe,Developed regions,2012,29051
Europe,Developed regions,2013,28579
Latin America and the Caribbean,Developing regions,1980,13081
Latin America and the Caribbean,Developing regions,1981,15215
Latin America and the Caribbean,Developing regions,1982,16769
Latin America and the Caribbean,Developing regions,1983,15427
Latin America and the Caribbean,Developing regions,1984,13678
Latin America and the Caribbean,Developing regions,1985,15171
Latin America and the Caribbean,Developing regions,1986,21179
Latin America and the Caribbean,Developing regions,1987,28471
Latin America and the Caribbean,Developing regions,1988,21924
Latin America and the Caribbean,Developing regions,1989,25060
Latin America and the Caribbean,Developing regions,1990,27942
Latin America and the Caribbean,Developing regions,1991,36827
Latin America and the Caribbean,Developing regions,1992,37853
Latin America and the Caribbean,Developing regions,1993,33840
Latin America and the Caribbean,Developing regions,1994,21341
Latin America and the Caribbean,Developing regions,1995,20262
Latin America and the Caribbean,Developing regions,1996,18645
Latin America and the Caribbean,Developing regions,1997,17174
Latin America and the Caribbean,Developing regions,1998,13830
Latin America and the Caribbean,Developing regions,1999,15088
Latin America and the Caribbean,Developing regions,2000,16898
Latin America and the Caribbean,Developing regions,2001,20067
Latin America and the Caribbean,Developing regions,2002,19317
Latin America and the Caribbean,Developing regions,2003,20263
Latin America and the Caribbean,Developing regions,2004,22181
Latin America and the Caribbean,Developing regions,2005,24747
Latin America and the Caribbean,Developing regions,2006,24676
Latin America and the Caribbean,Developing regions,2007,26011
Latin America and the Caribbean,Developing regions,2008,26547
Latin America and the Caribbean,Developing regions,2009,26867
Latin America and the Caribbean,Developing regions,2010,28818
Latin America and the Caribbean,Developing regions,2011,27856
Latin America and the Caribbean,Developing regions,2012,27173
Latin America and the Caribbean,Developing regions,2013,24950
Northern America,Developed regions,1980,9378
Northern America,Developed regions,1981,10030
Northern America,Developed regions,1982,9074
Northern America,Developed regions,1983,7100
Northern America,Developed regions,1984,6661
Northern America,Developed regions,1985,6543
Northern America,Developed regions,1986,7074
Northern America,Developed regions,1987,7705
Northern America,Developed regions,1988,6469
Northern America,Developed regions,1989,6790
Northern America,Developed regions,1990,5892
Northern America,Developed regions,1991,6054
Northern America,Developed regions,1992,6842
Northern America,Developed regions,1993,7435
Northern America,Developed regions,1994,5901
Northern America,Developed regions,1995,4890
Northern America,Developed regions,1996,5515
Northern America,Developed regions,1997,4753
Northern America,Developed regions,1998,4437
Northern America,Developed regions,1999,5196
Northern America,Developed regions,2000,5433
Northern America,Developed regions,2001,5604
Northern America,Developed regions,2002,4948
Northern America,Developed regions,2003,5543
Northern America,Developed regions,2004,6990
Northern America,Developed regions,2005,8394
Northern America,Developed regions,2006,9613
Northern America,Developed regions,2007,9463
Northern America,Developed regions,2008,10190
Northern America,Developed regions,2009,8995
Northern America,Developed regions,2010,8142
Northern America,Developed regions,2011,7676
Northern America,Developed regions,2012,7891
Northern America,Developed regions,2013,8501
Oceania,Developed regions,1980,1304
Oceania,Developed regions,1981,1119
Oceania,Developed regions,1982,848
Oceania,Developed regions,1983,457
Oceania,Developed regions,1984,481
Oceania,Developed regions,1985,467
Oceania,Developed regions,1986,532
Oceania,Developed regions,1987,675
Oceania,Developed regions,1988,610
Oceania,Developed regions,1989,790
Oceania,Developed regions,1990,890
Oceania,Developed regions,1991,867
Oceania,Developed regions,1992,1075
Oceania,Developed regions,1993,1238
Oceania,Developed regions,1994,936
Oceania,Developed regions,1995,878
Oceania,Developed regions,1996,918
Oceania,Developed regions,1997,804
Oceania,Developed regions,1998,625
Oceania,Developed regions,1999,687
Oceania,Developed regions,2000,811
Oceania,Developed regions,2001,1159
Oceania,Developed regions,2002,1068
Oceania,Developed regions,2003,1221
Oceania,Developed regions,2004,1280
Oceania,Developed regions,2005,1279
Oceania,Developed regions,2006,1193
Oceania,Developed regions,2007,1383
Oceania,Developed regions,2008,1498
Oceania,Developed regions,2009,1538
Oceania,Developed regions,2010,1423
Oceania,Developed regions,2011,1226
Oceania,Developed regions,2012,1399
Oceania,Developed regions,2013,1536
Oceania,Developing regions,1980,638
Oceania,Developing regions,1981,720
Oceania,Developing regions,1982,827
Oceania,Developing regions,1983,561
Oceania,Developing regions,1984,397
Oceania,Developing regions,1985,453
Oceania,Developing regions,1986,372
Oceania,Developing regions,1987,525
Oceania,Developing regions,1988,571
Oceania,Developing regions,1989,749
Oceania,Developing regions,1990,1185
Oceania,Developing regions,1991,1628
Oceania,Developing regions,1992,1796
Oceania,Developing regions,1993,1328
Oceania,Developing regions,1994,1031
Oceania,Developing regions,1995,687
Oceania,Developing regions,1996,634
Oceania,Developing regions,1997,459
Oceania,Developing regions,1998,396
Oceania,Developing regions,1999,368
Oceania,Developing regions,2000,465
Oceania,Developing regions,2001,659
Oceania,Developing regions,2002,617
Oceania,Developing regions,2003,579
Oceania,Developing regions,2004,508
Oceania,Developing regions,2005,306
Oceania,Developing regions,2006,280
Oceania,Developing regions,2007,310
Oceania,Developing regions,2008,336
Oceania,Developing regions,2009,322
Oceania,Developing regions,2010,411
Oceania,Developing regions,2011,322
Oceania,Developing regions,2012,280
Oceania,Developing regions,2013,239
Africa,All,1980,3936
Africa,All,1981,4347
Africa,All,1982,3802
Africa,All,1983,2654
Africa,All,1984,2611
Africa,All,1985,2639
Africa,All,1986,3744
Africa,All,1987,7428
Africa,All,1988,7506
Africa,All,1989,9846
Africa,All,1990,10896
Africa,All,1991,14005
Africa,All,1992,18803
Africa,All,1993,16127
Africa,All,1994,12763
Africa,All,1995,14277
Africa,All,1996,14904
Africa,All,1997,13808
Africa,All,1998,13023
Africa,All,1999,15059
Africa,All,2000,19114
Africa,All,2001,23044
Africa,All,2002,21607
Africa,All,2003,22133
Africa,All,2004,26727
Africa,All,2005,26002
Africa,All,2006,27565
Africa,All,2007,26818
Africa,All,2008,28493
Africa,All,2009,32953
Africa,All,2010,39653
Africa,All,2011,34217
Africa,All,2012,36369
Africa,All,2013,36493
Asia,All,1980,31025
Asia,All,1981,34314
Asia,All,1982,30214
Asia,All,1983,24696
Asia,All,1984,27274
Asia,All,1985,23850
Asia,All,1986,28739
Asia,All,1987,43203
Asia,All,1988,47454
Asia,All,1989,60256
Asia,All,1990,72829
Asia,All,1991,89964
Asia,All,1992,90752
Asia,All,1993,98737
Asia,All,1994,88852
Asia,All,1995,90424
Asia,All,1996,103030
Asia,All,1997,106359
Asia,All,1998,90672
Asia,All,1999,106444
Asia,All,2000,134073
Asia,All,2001,147689
Asia,All,2002,137195
Asia,All,2003,131302
Asia,All,2004,134293
Asia,All,2005,158503
Asia,All,2006,148310
Asia,All,2007,132769
Asia,All,2008,138985
Asia,All,2009,140756
Asia,All,2010,163201
Asia,All,2011,146290
Asia,All,2012,151457
Asia,All,2013,154272
Europe,All,1980,39760
Europe,All,1981,44802
Europe,All,1982,42720
Europe,All,1983,24638
Europe,All,1984,22287
Europe,All,1985,20844
Europe,All,1986,24370
Europe,All,1987,46698
Europe,All,1988,54726
Europe,All,1989,60893
Europe,All,1990,68301
Europe,All,1991,57938
Europe,All,1992,64123
Europe,All,1993,62872
Europe,All,1994,62306
Europe,All,1995,55571
Europe,All,1996,55504
Europe,All,1997,48770
Europe,All,1998,36613
Europe,All,1999,35459
Europe,All,2000,37978
Europe,All,2001,42488
Europe,All,2002,36445
Europe,All,2003,33918
Europe,All,2004,37639
Europe,All,2005,35670
Europe,All,2006,32797
Europe,All,2007,33284
Europe,All,2008,34501
Europe,All,2009,34880
Europe,All,2010,33237
Europe,All,2011,26648
Europe,All,2012,29051
Europe,All,2013,28579
Latin America and the Caribbean,All,1980,13081
Latin America and the Caribbean,All,1981,15215
Latin America and the Caribbean,All,1982,16769
Latin America and the Caribbean,All,1983,15427
Latin America and the Caribbean,All,1984,13678
Latin America and the Caribbean,All,1985,15171
Latin America and the Caribbean,All,1986,21179
Latin America and the Caribbean,All,1987,28471
Latin America and the Caribbean,All,1988,21924
Latin America and the Caribbean,All,1989,25060
Latin America and the Caribbean,All,1990,27942
Latin America and the Caribbean,All,1991,36827
Latin America and the Caribbean,All,1992,37853
Latin America and the Caribbean,All,1993,33840
Latin America and the Caribbean,All,1994,21341
Latin America and the Caribbean,All,1995,20262
Latin America and the Caribbean,All,1996,18645
Latin America and the Caribbean,All,1997,17174
Latin America and the Caribbean,All,1998,13830
Latin America and the Caribbean,All,1999,15088
Latin America and the Caribbean,All,2000,16898
Latin America and the Caribbean,All,2001,20067
Latin America and the Caribbean,All,2002,19317
Latin America and the Caribbean,All,2003,20263
Latin America and the Caribbean,All,2004,22181
Latin America and the Caribbean,All,2005,24747
Latin America and the Caribbean,All,2006,24676
Latin America and the Caribbean,All,2007,26011
Latin America and the Caribbean,All,2008,26547
Latin America and the Caribbean,All,2009,26867
Latin America and the Caribbean,All,2010,28818
Latin America and the Caribbean,All,2011,27856
Latin America and the Caribbean,All,2012,27173
Latin America and the Caribbean,All,2013,24950
Northern America,All,1980,9378
Northern America,All,1981,10030
Northern America,All,1982,9074
Northern America,All,1983,7100
Northern America,All,1984,6661
Northern America,All,1985,6543
Northern America,All,1986,7074
Northern America,All,1987,7705
Northern America,All,1988,6469
Northern America,All,1989,6790
Northern America,All,1990,5892
Northern America,All,1991,6054
Northern America,All,1992,6842
Northern America,All,1993,7435
Northern America,All,1994,5901
Northern America,All,1995,4890
Northern America,All,1996,5515
Northern America,All,1997,4753
Northern America,All,1998,4437
Northern America,All,1999,5196
Northern America,All,2000,5433
Northern America,All,2001,5604
Northern America,All,2002,4948
Northern America,All,2003,5543
Northern America,All,2004,6990
Northern America,All,2005,8394
Northern America,All,2006,9613
Northern America,All,2007,9463
Northern America,All,2008,10190
Northern America,All,2009,8995
Northern America,All,2010,8142
Northern America,All,2011,7676
Northern America,All,2012,7891
Northern America,All,2013,8501
Oceania,All,1980,1942
Oceania,All,1981,1839
Oceania,All,1982,1675
Oceania,All,1983,1018
Oceania,All,1984,878
Oceania,All,1985,920
Oceania,All,1986,904
Oceania,All,1987,1200
Oceania,All,1988,1181
Oceania,All,1989,1539
Oceania,All,1990,2075
Oceania,All,1991,2495
Oceania,All,1992,2871
Oceania,All,1993,2566
Oceania,All,1994,1967
Oceania,All,1995,1565
Oceania,All,1996,1552
Oceania,All,1997,1263
Oceania,All,1998,1021
Oceania,All,1999,1055
Oceania,All,2000,1276
Oceania,All,2001,1818
Oceania,All,2002,1685
Oceania,All,2003,1800
Oceania,All,2004,1788
Oceania,All,2005,1585
Oceania,All,2006,1473
Oceania,All,2007,1693
Oceania,All,2008,1834
Oceania,All,2009,1860
Oceania,All,2010,1834
Oceania,All,2011,1548
Oceania,All,2012,1679
Oceania,All,2013,1775
